country,fortnight,date,eligible,estimated Aeromonas positive eligible,estimated Campylobacter coli or jejuni positive eligible,estimated Shigella positive eligible,estimated V cholerae positive eligible,estimated ETEC ST positive eligible,estimated tEPEC positive eligible,estimated EAEC positive eligible,estimated Cryptosporidium positive eligible,estimated Rotavirus positive eligible,estimated Adenovirus 40/41 positive eligible,estimated Norovirus GI positive eligible,estimated Norovirus GII positive eligible
The Gambia,0,12-10-2007,44,0,0,5.861111,0,4.111111,0,12.41667,0,2.972222,0,0,13.11111
The Gambia,1,12-24-2007,44,0,0,1.909091,0,5.484848,1.909091,8.307692,1.909091,12.12587,0,0,7.447552
The Gambia,2,01-07-2008,53,0,0,0,0,0,6.9,34.25,0,35.5,0,0,5.45
The Gambia,3,01-21-2008,54,0,0,1.818182,0,6.236364,5.318182,7.136364,0,34.39091,0,2.6,1.818182
The Gambia,4,02-04-2008,44,0,3.4,7.833333,0,9.066667,5.666667,16.43333,0,24.93333,0,0,2.833333
The Gambia,5,02-18-2008,28,0,0,5,0,4.833333,0,5,0,7.166667,0,0,0
The Gambia,6,03-03-2008,46,0,4.958333,6.25,0,0,11.20833,6.791667,0,3.666667,0,0,13.125
The Gambia,7,03-17-2008,23,0,0,14,0,0,6,9,0,0,0,0,1
The Gambia,8,03-31-2008,42,0,0,4.7,0,5.7,13.3,5.7,0,3.2,0,4.7,0
The Gambia,9,04-14-2008,19,0,0,4,0,4,3,8,0,3,4,4,4
The Gambia,10,04-28-2008,26,0,0,4.8,0,5.4,3.2,4,1.6,4.8,0,0,1.6
The Gambia,11,05-12-2008,36,0,0,5.142857,0,4.404762,0,2.571429,1.833333,10.83333,0,2.571429,0
The Gambia,12,05-26-2008,59,0,2.25,2.307692,0,15.61538,4.557692,4.557692,2.25,13.78846,4.615385,2.25,6.807692
The Gambia,13,06-09-2008,59,0,0,0,0,12.82143,4.125,2,4.125,12.82143,5.142857,0,7.142857
The Gambia,14,06-23-2008,66,0,0,9.681818,0,26.45455,3.090909,23.27273,12.77273,7,0,7.5,3.090909
The Gambia,15,07-07-2008,36,0,0,9.269841,0,13.39683,0,10.8254,3.111111,0,1.555556,1.555556,4.126984
The Gambia,16,07-21-2008,38,0,0,4.611111,0,4.611111,0,4.222222,4.611111,0,2.111111,0,2.111111
The Gambia,17,08-04-2008,51,0,0,4,0,8,0,17.5,6,0,0,12,13.75
The Gambia,18,08-18-2008,35,0,0,0,0,2.666667,2.666667,0,8.5,0,0,8.5,3.166667
The Gambia,19,09-01-2008,53,0,8,6.333333,0,26.66667,0,14.16667,21.16667,0,0,0,8.166667
The Gambia,20,09-15-2008,34,0,1.571429,4.2,0,9.442857,0,18.88571,4.714286,0,0,0,5.771429
The Gambia,21,09-29-2008,11,0,0,0,0,0,0,1.5,0,0,0,0,0
The Gambia,22,10-13-2008,30,0,4,5.833333,0,5.452381,0,2.619048,8.333333,0,0,2.619048,3.904762
The Gambia,23,10-27-2008,23,0,3,0,0,0,0,8.142857,10.57143,0,0,0,1.285714
The Gambia,24,11-10-2008,23,0,1.333333,0,0,0,0,5.833333,2.666667,0,0,2,7
The Gambia,25,11-24-2008,18,0,0,0,0,0,0,3.5,1.75,0,0,4.666667,1.75
The Gambia,26,12-08-2008,17,0,0,3,0,2,0,3,1,0,0,1,17
The Gambia,27,12-22-2008,22,0,2.553571,4.25,0,1.428571,1.125,5.678571,0,0,1.428571,0,12.51786
The Gambia,28,01-05-2009,25,0,0,3.3,0,0,0,4.125,0,6.05,0,0,6.6
The Gambia,29,01-19-2009,40,0,0,0,0,2,2,12.5,0,26.85714,0,0,1.785714
The Gambia,30,02-02-2009,83,0,0,3.466667,0,0,4.688889,49.75556,0,50.73333,0,1.222222,0
The Gambia,31,02-16-2009,42,0,0,3.25,0,0,0,16.25,0,22.5,0,0,3.25
The Gambia,32,03-02-2009,38,0,2,0,0,2.966667,1.466667,6.433333,0,30.6,0,0,0
The Gambia,33,03-16-2009,13,0,0,0,0,1.2,0,1.2,0,1.75,0,0,0
The Gambia,34,03-30-2009,28,0,0,3.461538,0,1.230769,1,3.836538,0,5.355769,0,0,3.605769
The Gambia,35,04-13-2009,22,0,1.333333,2.6,0,1.3,1,5.3,0,1.3,1.333333,0,1.3
The Gambia,36,04-27-2009,21,0,2.75,1.5,0,1.5,1.5,7.75,0,0,0,0,1.25
The Gambia,37,05-11-2009,13,0,1.5,0,0,0,0,2.5,0,0,0,0,0
The Gambia,38,05-25-2009,18,0,1.25,1.25,0,2.5,5.25,6.25,1.25,0,0,0,0
The Gambia,39,06-08-2009,18,0,4,2.25,0,3.75,1.5,3.75,1.25,0,1.25,0,1.5
The Gambia,40,06-22-2009,28,0,2.333333,1.333333,0,1.666667,10,10.33333,4.666667,0,2.333333,3.666667,2.333333
The Gambia,41,07-06-2009,39,0,1.25,5.15,0,5.15,8.536364,11.48182,6.840909,0,4.340909,0,0
The Gambia,42,07-20-2009,17,0,0,2,0,4.066667,2.8,1.4,6.733333,0,0,0,0
The Gambia,43,08-03-2009,29,0,0,0,0,8.428571,10.28571,2.285714,8.571429,0,3.428571,2.285714,0
The Gambia,44,08-17-2009,17,0,0,1.5,0,0,3.666667,0,0,0,0,1.5,1.5
The Gambia,45,08-31-2009,22,0,1.8,6.333333,0,3.6,2.333333,0,5.6,0,0,0,0
The Gambia,46,09-14-2009,10,0,0,1.25,0,0,0,1.25,3.25,0,0,0,0
The Gambia,47,09-28-2009,21,0,1.6,3.222222,0,0,2.6,10.06667,8.844444,0,0,0,0
The Gambia,48,10-12-2009,17,0,0,1.6,0,0,2.333333,4.766667,1.6,0,0,0,1.6
The Gambia,49,10-26-2009,20,0,3,0,0,0,0,1.714286,6.642857,0,0,0,1.714286
The Gambia,50,11-09-2009,17,0,2.285714,2,0,0,3.571429,1,4.857143,0,0,0,1.285714
The Gambia,51,11-23-2009,2,0,0,0,0,1,0,0,0,0,0,0,0
The Gambia,52,12-07-2009,7,0,0,0,0,0,0,1.333333,1.333333,0,0,0,2.666667
The Gambia,53,12-21-2009,14,0,0,6.266667,0,0,0,1.6,2.933333,3.2,0,0,0
The Gambia,54,01-04-2010,31,0,2.432692,1.307692,0,0,1.307692,8.230769,0,14.22115,0,0,0
The Gambia,55,01-18-2010,31,0,1.818182,0,0,1.5,1.5,12.09091,3.636364,26.36364,1.818182,0,0
The Gambia,56,02-01-2010,42,0,0,0,0,0,8.32381,3.714286,1.857143,36.80952,0,0,0
The Gambia,57,02-15-2010,20,0,0,3,0,0,0,6,0,12.5,0,0,0
The Gambia,58,03-01-2010,9,0,0,2.333333,0,0,0,3.333333,0,4.666667,0,0,0
The Gambia,59,03-15-2010,6,0,2,0,0,0,4,2,0,2,0,0,0
The Gambia,60,03-29-2010,4,0,0,0,0,0,0,1,1,1,0,0,0
The Gambia,61,04-12-2010,18,0,1,4,0,0,0,11,1,3,0,0,0
The Gambia,62,04-26-2010,10,0,0,2.333333,0,0,0,4.333333,0,4.666667,0,0,4.666667
The Gambia,63,05-10-2010,7,0,0,0,0,0,2,2,0,2,2,0,2
The Gambia,64,05-24-2010,11,0,0,4.333333,0,0,3.333333,5.333333,1.333333,1.333333,1.333333,2.333333,3.333333
The Gambia,65,06-07-2010,34,0,1.2,9.511111,0,7.2,2.4,13.73333,11.35556,4.2,1.2,3,7.111111
The Gambia,66,06-21-2010,18,0,3.5,4,0,1.5,7,5.75,1.75,5.5,0,1.5,2
The Gambia,67,07-05-2010,33,0,2.25,2.25,0,9.75,1.285714,12.64286,6.428571,0,2.25,3.535714,3.75
The Gambia,68,07-19-2010,19,0,2.5,0,0,6.1,2.5,8.6,6.1,0,0,0,3.6
The Gambia,69,08-02-2010,18,0,0,2,0,2,2,5,0,0,5,0,0
The Gambia,70,08-16-2010,33,0,0,4.75,0,9.041667,5.708333,10.125,8.083333,0,0,2.375,8.125
The Gambia,71,08-30-2010,6,0,0,3,0,0,0,0,0,0,0,0,0
The Gambia,72,09-13-2010,13,0,0,0,0,0,5,0,5,0,0,0,5
The Gambia,73,09-27-2010,6,0,0,3,0,0,0,3,3,0,0,0,3
The Gambia,74,10-11-2010,6,0,0,0,0,0,0,0,0,0,0,0,0
The Gambia,75,10-25-2010,8,0,0,0,0,0,0,0,0,0,0,0,0
The Gambia,76,11-08-2010,2,0,0,0,0,0,0,0,0,0,0,0,0
The Gambia,77,11-22-2010,8,0,0,0,0,0,0,5,0,3,0,0,1.666667
The Gambia,78,12-06-2010,7,0,0,0,0,0,1,1.5,0,1.5,0,0,1
The Gambia,79,12-20-2010,4,0,0,1.5,0,0,1.5,0,0,0,0,0,1.5
Mali,0,12-17-2007,5,0,0,0,0,1,0,0,0,4,0,0,0
Mali,1,12-31-2007,7,0,0,0,0,0,1.5,1,0,2,0,0,1.5
Mali,2,01-14-2008,13,0,0,0,0,0,0,2.533333,0,5.4,0,0,0
Mali,3,01-28-2008,13,0,0,0,0,0,2.4,3.8,0,2.733333,0,0,1.4
Mali,4,02-11-2008,19,1,2.111111,1,0,2.111111,2.111111,1.111111,0,4.333333,0,0,1
Mali,5,02-25-2008,21,0,3.4,0,0,1.166667,1,2,0,1.2,1.166667,0,2.2
Mali,6,03-10-2008,20,0,0,1,0,2.485714,3.857143,2.285714,1.2,0,0,0,0
Mali,7,03-24-2008,18,0,0,1.333333,0,0,1.333333,2.47619,5.952381,0,1.142857,0,0
Mali,8,04-07-2008,22,0,1.111111,1.285714,0,1.111111,4.793651,2.222222,0,0,1.285714,0,2.396825
Mali,9,04-21-2008,15,0,0,2,0,0,1,2,4,0,2,0,1
Mali,10,05-05-2008,21,0,0,0,0,0,5.2,1.3,6.9,0,0,1,1.5
Mali,11,05-19-2008,32,0,0,0,0,1.533333,4.466667,6,10.2,0,1.533333,1.533333,1.533333
Mali,12,06-02-2008,29,0,0,0,0,2.8,2.933333,0,10.26667,0,1.466667,0,1.333333
Mali,13,06-16-2008,40,0,0,2,0,1.4,5.2,2.8,18.2,0,0,0,0
Mali,14,06-30-2008,58,0,0,1.071429,0,2,8.142857,10.28571,17.28571,0,2,0,0
Mali,15,07-14-2008,70,0,0,0,0,7.6,0,20.48333,17.2,0,2.4,0,0
Mali,16,07-28-2008,83,0,0,1,0,8.2,8.2,13.06667,24.2,8.533333,1.933333,0,3.933333
Mali,17,08-11-2008,91,0,0,0,0,2,3.2,10.53333,17,5.266667,2,0,1.2
Mali,18,08-25-2008,71,0,0,0,0,4.666667,9.47619,9.666667,13.66667,18.90476,2.333333,0,1.571429
Mali,19,09-08-2008,70,0,0,0,0,0,13.175,12.575,2.6,29.8,2.9,0,0
Mali,20,09-22-2008,45,0,0,0,0,0,1.714286,11.04762,0,25.52381,1.714286,0,0
Mali,21,10-06-2008,71,0,0,2.666667,0,0,13.11111,1.222222,2.666667,15.66667,1.222222,1.444444,0
Mali,22,10-20-2008,63,0,0,1.333333,0,0,5.444444,10.88889,16.33333,11.88889,5.444444,0,0
Mali,23,11-03-2008,67,0,0,0,0,6.333333,2.222222,11.22222,5.555556,15.55556,0,0,0
Mali,24,11-17-2008,81,0,0,0,0,6,17.11111,8.555556,1.555556,44.11111,0,0,0
Mali,25,12-01-2008,104,0,0,0,0,0,0,18.11111,6.777778,47.22222,0,0,0
Mali,26,12-15-2008,92,0,0,0,0,6.444444,18.66667,29.55556,0,56.55556,0,0,0
Mali,27,12-29-2008,41,0,0,0,0,2.222222,2.222222,2.333333,0,10.22222,2.333333,0,0
Mali,28,01-12-2009,36,0,0,0,0,0,8,5.333333,0,12.66667,0,0,0
Mali,29,01-26-2009,69,0,0,3.777778,0,0,4.555556,10.33333,4.555556,17.44444,0,0,0
Mali,30,02-09-2009,42,0,0,1.333333,0,0,2.666667,6,0,3.333333,0,0,0
Mali,31,02-23-2009,58,0,0,2.222222,0,0,4.444444,12,0,3.111111,3.111111,0,0
Mali,32,03-09-2009,41,0,0,1.444444,0,1.444444,5,12,0,1.666667,0,0,0
Mali,33,03-23-2009,47,0,0,4.2,0,1.444444,9.977778,9.977778,2.888889,0,0,0,1.444444
Mali,34,04-06-2009,68,0,0,0,0,6.444444,8,7.111111,6.444444,1.111111,1.111111,0,0
Mali,35,04-20-2009,56,0,0,5,0,4.222222,10.44444,10.44444,5.222222,0,0,5,0
Mali,36,05-04-2009,76,0,0,0,0,0,8.444444,13.11111,19.88889,3.333333,3.222222,0,0
Mali,37,05-18-2009,73,0,0,0,0,5.344444,14.25556,14.91111,9.444444,0,4.455556,1.9,1.9
Mali,38,06-01-2009,69,0,0,0,0,4.222222,10.33333,13.44444,8,0,1.888889,0,0
Mali,39,06-15-2009,95,0,0,0,0,1.666667,8.666667,17.77778,8.888889,0,0,22,2.666667
Mali,40,06-29-2009,84,1.444444,0,1.444444,0,1.444444,7.988889,24.18889,37.5,2,0,1.444444,0
Mali,41,07-13-2009,46,1,0,0,0,6.511111,13.91111,11.62222,16.24444,0,0,0,0
Mali,42,07-27-2009,69,0,0,2.1,0,11.1,9.433333,15.73333,9.433333,5.766667,0,0,0
Mali,43,08-10-2009,62,0,0,0,0,0,16,8.333333,10.22222,2.888889,0,0,0
Mali,44,08-24-2009,61,0,0,0,0,1.2,2.555556,20.42222,19.4,0,0,0,0
Mali,45,09-07-2009,63,0,0,0,0,2.9,5.8,26.03333,4.233333,14.46667,0,5.566667,0
Mali,46,09-21-2009,45,0,0,0,0,0,3,10.22222,3.777778,9.777778,2,0,3
Mali,47,10-05-2009,44,0,0,0,0,1,4.888889,3.888889,4.222222,17.66667,1.777778,0,0
Mali,48,10-19-2009,51,0,0,1.777778,0,0,0,5.2,6.2,9.8,0,0,0
Mali,49,11-02-2009,52,0,0,0,0,1.555556,7.077778,13.45556,1.666667,17.6,0,2.3,2.3
Mali,50,11-16-2009,47,0,0,1.2,0,5.6,9.666667,10.17778,1.888889,15.62222,0,0,3.6
Mali,51,11-30-2009,44,0,0,0,0,0,1.888889,10.77778,3.777778,20.33333,1,1,2
Mali,52,12-14-2009,40,0,0,1.111111,0,0,0,10,0,21.11111,0,0,4.444444
Mali,53,12-28-2009,37,0,0,0,0,0,1.333333,7.222222,1.111111,14.52778,0,0,0
Mali,54,01-11-2010,33,0,0,0,0,1.222222,3.777778,7.555556,0,12.88889,1.222222,0,0
Mali,55,01-25-2010,33,0,0,0,0,5.333333,2.444444,4.666667,0,2.888889,0,0,0
Mali,56,02-08-2010,30,0,0,1.222222,0,2,2.111111,5.777778,0,1.111111,0,0,0
Mali,57,02-22-2010,32,0,0,0,0,1.333333,3.444444,6,0,1.333333,0,0,0
Mali,58,03-08-2010,33,0,0,0,0,1,2.4,7.711111,2.511111,0,2.8,0,4.2
Mali,59,03-22-2010,35,0,0,0,0,5.222222,6.444444,7.666667,1.333333,2.666667,1.333333,0,2.666667
Mali,60,04-05-2010,45,1.5,0,0,0,3.388889,4.777778,3.388889,6.722222,1.5,1.888889,0,0
Mali,61,04-19-2010,34,0,4.333333,1.555556,0,2.444444,1.222222,8.777778,1.555556,1.222222,1.555556,0,0
Mali,62,05-03-2010,30,0,1.111111,1,0,0,6.666667,3.333333,1,2.333333,0,0,0
Mali,63,05-17-2010,34,0,4.666667,0,0,2.555556,2.555556,11.33333,2.888889,0,0,2.555556,0
Mali,64,05-31-2010,30,0,2,1,0,3.444444,4.222222,2.111111,2.111111,1.222222,0,0,0
Mali,65,06-14-2010,33,0,0,0,0,3.711111,1.111111,6.122222,3.711111,0,0,0,0
Mali,66,06-28-2010,37,0,5,0,0,5.69697,4.333333,8.363636,10.69697,0,2.848485,0,0
Mali,67,07-12-2010,32,0,1.333333,2.333333,0,0,4.555556,7.444444,10,0,0,0,0
Mali,68,07-26-2010,34,0,4,1,0,0,2.444444,6.777778,7.222222,4.444444,0,0,0
Mali,69,08-09-2010,44,0,4.066667,2.866667,0,0,4.533333,7.844444,11.64444,6.422222,0,0,1.2
Mali,70,08-23-2010,36,0,6.566667,1.3,0,1.222222,2.633333,5.3,7.855556,3.822222,0,0,0
Mali,71,09-06-2010,31,0,4.322222,1,0,1.1,7.866667,5.766667,3.666667,4.644444,1,0,0
Mali,72,09-20-2010,37,0,3.666667,0,0,6.888889,2.333333,3.555556,7.222222,9.777778,0,0,0
Mali,73,10-04-2010,40,0,2.666667,0,0,0,3.777778,10.22222,1.333333,4.666667,0,0,0
Mali,74,10-18-2010,35,0,6.222222,0,0,3.555556,4.666667,5.555556,1.333333,5.777778,0,0,0
Mali,75,11-01-2010,30,0,1.111111,0,0,2.222222,2.111111,4.333333,0,5.333333,0,0,0
Mali,76,11-15-2010,37,0,1.222222,0,0,1.111111,2.333333,1.777778,1.777778,13.55556,0,0,0
Mali,77,11-29-2010,50,0,0,1,0,2.444444,2.111111,2.111111,1,22,0,2.444444,2.111111
Mali,78,12-13-2010,9,0,3,1,0,0,0,1,0,4,0,0,0
Mozambique,0,12-10-2007,56,0,0,4.5,0,10.83333,3.5,16.91667,9.416667,10.83333,3.5,3.5,0
Mozambique,1,12-24-2007,29,0,0,3.5,0,0,7.555556,9.166667,9.166667,1.888889,1.888889,2.5,2.5
Mozambique,2,01-07-2008,39,2.285714,0,4.685714,6.285714,6.257143,2.4,11.68571,1.571429,0,0,0,0
Mozambique,3,01-21-2008,49,1.4,0,2.5,11.13636,8.254545,1.818182,9.654545,4.2,1.818182,0,0,1.4
Mozambique,4,02-04-2008,36,0,0,1.8,0,1.4375,4.3125,9.35,4.3125,7.1875,0,0,1.4375
Mozambique,5,02-18-2008,32,0,0,2.142857,1,2.083333,3.22619,12.7619,3.22619,0,0,0,0
Mozambique,6,03-03-2008,36,0,1.235294,1.235294,0,1.235294,4.470588,13.58824,7.705882,2.470588,1.235294,0,4
Mozambique,7,03-17-2008,24,0,1.25,5.066667,2.666667,0,2.45,12.61667,1.25,4.95,0,0,0
Mozambique,8,03-31-2008,32,0,0,1.25,0,2.704545,5.613636,9.068182,2.909091,15.09091,0,0,0
Mozambique,9,04-14-2008,15,0,1.666667,1.666667,1.666667,0,0,6.166667,0,7.75,0,1.666667,0
Mozambique,10,04-28-2008,12,0,0,0,0,0,2,4,0,6,0,0,0
Mozambique,11,05-12-2008,14,1.428571,1.428571,0,0,0,1.5,5.714286,0,10.07143,0,0,0
Mozambique,12,05-26-2008,22,0,0,0,0,0,0,10.33333,3.833333,9.333333,0,0,0
Mozambique,13,06-09-2008,17,0,0,1.375,0,3,1.375,2.75,2.75,11.5,0,0,0
Mozambique,14,06-23-2008,18,0,0,0,0,0,0,2,0,10,0,0,2
Mozambique,15,07-07-2008,20,0,0,0,0,0,0,10,0,12,0,0,0
Mozambique,16,07-21-2008,20,0,1.875,0,0,1.875,3.75,3.75,4.875,14.125,0,0,0
Mozambique,17,08-04-2008,7,0,0,0,0,0,0,3,1,3,0,0,0
Mozambique,18,08-18-2008,7,0,0,0,0,0,0,0,0,1,0,0,0
Mozambique,19,09-01-2008,10,0,0,0,0,0,1,2.4,1.2,2.4,0,1.2,2.2
Mozambique,20,09-15-2008,12,1.333333,0,4,0,2,0,0,0,2.666667,0,1.333333,4
Mozambique,21,09-29-2008,18,0,0,1.666667,0,1.75,2.4,6.366667,3.6,2.4,0,1.666667,0
Mozambique,22,10-13-2008,21,0,3.095238,0,0,0,1,9.285714,1.428571,3.333333,3.095238,0,1.666667
Mozambique,23,10-27-2008,19,0,0,4,0,1.6,3.5,9.1,0,0,0,0,1.6
Mozambique,24,11-10-2008,23,0,3.333333,0,0,0,2.666667,1.666667,0,10.33333,0,2.666667,3.333333
Mozambique,25,11-24-2008,21,0,1.285714,0,0,3.785714,2.571429,7.642857,1.285714,0,0,1.285714,1.285714
Mozambique,26,12-08-2008,25,0,0,0,0,3.866667,2.2,12.18333,8.9,2.25,0,0,2.2
Mozambique,27,12-22-2008,21,0,0,0,0,18,0,0,9,0,0,0,9
Mozambique,28,01-05-2009,25,0,0,0,0,5,2.6,7.6,2.6,2.6,0,0,2.6
Mozambique,29,01-19-2009,17,0,0,0,0,1.666667,0,0,11,0,0,1.666667,0
Mozambique,30,02-02-2009,22,0,0,0,0,0,6.9,6.9,2.2,0,0,0,0
Mozambique,31,02-16-2009,26,0,0,0,3,0,2.25,4.666667,10.08333,0,0,0,0
Mozambique,32,03-02-2009,16,0,0,0,2.666667,2.666667,0,0,0,0,0,0,0
Mozambique,33,03-16-2009,24,0,0,0,0,0,0,11.5,6,0,0,0,0
Mozambique,34,03-30-2009,11,0,0,0,0,0,2.5,2.5,4,0,0,0,0
Mozambique,35,04-13-2009,0,0,0,0,0,0,0,0,0,0,0,0,0
Mozambique,36,04-27-2009,9,0,0,0,0,0,1,5,0,0,0,0,0
Mozambique,37,05-11-2009,9,0,0,1,0,1.5,1,0,2.5,0,0,0,0
Mozambique,38,05-25-2009,25,0,0,0,0,0,0,14.33333,0,8.888889,0,0,0
Mozambique,39,06-08-2009,27,0,0,0,0,0,0,6.75,0,24.75,0,0,0
Mozambique,40,06-22-2009,31,0,6,0,0,0,0,6,2,26,0,2,0
Mozambique,41,07-06-2009,10,0,1.25,0,0,0,0,0,1.666667,7.5,0,0,0
Mozambique,42,07-20-2009,7,0,0,0,0,0,0,2.5,6,6,0,0,0
Mozambique,43,08-03-2009,7,0,1.5,1,0,0,0,1.5,3,0,0,0,0
Mozambique,44,08-17-2009,2,0,0,0,0,0,0,0,0,2,0,0,0
Mozambique,45,08-31-2009,8,0,0,0,0,0,0,4,0,1,0,0,0
Mozambique,46,09-14-2009,6,0,0,1,0,0,0,0,0,0,0,0,0
Mozambique,47,09-28-2009,12,0,0,0,0,0,0,1.5,0,7,0,0,0
Mozambique,48,10-12-2009,17,0,0,1,0,0,0,3.5,0,9.5,0,0,0
Mozambique,49,10-26-2009,18,0,1.142857,3.2,0,1.2,3.485714,1.142857,0,7.771429,0,0,0
Mozambique,50,11-09-2009,19,0,1.5,1.5,0,0,2.5,4,9.25,11.25,0,0,0
Mozambique,51,11-23-2009,10,0,0,0,0,0,1,2,4,4,0,0,0
Mozambique,52,12-07-2009,19,0,0,0,0,0,1.5,10.5,6,7.5,1.5,0,0
Mozambique,53,12-21-2009,30,0,2.5,1.833333,0,10,0,5,4.333333,11.33333,5,0,1.333333
Mozambique,54,01-04-2010,12,0,0,0,0,6,0,4,2,2,0,0,0
Mozambique,55,01-18-2010,22,0,0,5.75,0,3.892857,1.142857,2.285714,6.642857,2.285714,1.142857,0,0
Mozambique,56,02-01-2010,29,4,0,0,0,4.5,0,4.5,10.25,2.25,4,0,0
Mozambique,57,02-15-2010,33,0,0,0,0,7.5,2.5,4.7,8.2,9.1,0,0,0
Mozambique,58,03-01-2010,18,0,0,0,0,0,2,6.666667,4.666667,2,0,0,0
Mozambique,59,03-15-2010,21,0,0,0,0,2.2,6.6,1.8,10.2,6.2,0,0,0
Mozambique,60,03-29-2010,8,0,0,2.5,0,0,0,3.5,1,3.5,0,0,0
Mozambique,61,04-12-2010,16,4.5,4.5,0,0,0,0,4,2,4,0,0,0
Mozambique,62,04-26-2010,14,0,0,0,0,0,0,0,4,2,0,0,0
Mozambique,63,05-10-2010,14,0,0,0,0,0,2,4,2,5.5,0,0,0
Mozambique,64,05-24-2010,3,0,0,0,0,0,0,0,0,0,0,0,0
Mozambique,65,06-07-2010,13,0,1.8,0,0,0,1.8,0,5.4,7.2,0,0,0
Mozambique,66,06-21-2010,5,0,0,0,0,0,0,1.5,1.5,3,0,0,0
Mozambique,67,07-05-2010,12,0,0,0,0,0,0,6,2,6,0,0,0
Mozambique,68,07-19-2010,1,0,0,0,0,0,0,0,0,0,0,0,0
Mozambique,69,08-02-2010,4,0,0,0,0,0,0,2,0,0,2,0,0
Mozambique,70,08-16-2010,5,0,0,0,0,1.666667,0,1.666667,0,1.666667,0,0,0
Mozambique,71,08-30-2010,9,0,0,0,0,0,0,7,0,0,0,0,0
Mozambique,72,09-13-2010,12,0,4,0,0,0,0,4,4,0,0,0,4
Mozambique,73,09-27-2010,13,0,0,2.5,0,0,0,2.5,0,0,0,0,0
Mozambique,74,10-11-2010,9,0,0,0,0,0,0,0,0,4.5,0,0,0
Mozambique,75,10-25-2010,11,0,0,2,0,0,0,2,0,2,0,0,2
Mozambique,76,11-08-2010,10,0,0,0,0,0,0,1.5,1.5,1.5,0,0,0
Mozambique,77,11-22-2010,19,0,0,5,0,0,3.333333,5,3.333333,7.333333,1.666667,0,0
Mozambique,78,12-06-2010,19,0,0,0,0,8,2,0,0,6.5,8,0,0
Mozambique,79,12-20-2010,11,0,0,0,0,0,0,0,0,5,0,0,0
Kenya,0,01-31-2008,55,0,7.657143,10.01905,0,12.29524,1.619048,10.67619,3.238095,12.95238,0,1.619048,4.857143
Kenya,1,02-14-2008,79,0,18.60877,8.055195,0,17.94968,9.642857,15.91558,13.82468,24.43506,0,3.214286,7.803571
Kenya,2,02-28-2008,62,1.333333,7.886905,7.395833,0,10.91667,4.125,16.1369,10.67857,12.74107,2.0625,5.458333,4.125
Kenya,3,03-13-2008,30,0,0,3.428571,0,5.130952,3.428571,1.714286,6.047619,1.714286,0,0,0
Kenya,4,03-27-2008,33,0,0,3,0,2.375,6,5.375,4,2.5,1.75,0,1.25
Kenya,5,04-10-2008,29,0,5.5,0,0,3.166667,2.333333,0,3.833333,0,1.166667,1.5,0
Kenya,6,04-24-2008,37,0,4.65,4.061111,0,1.111111,0,3.75,1.25,0,0,0,1.25
Kenya,7,05-08-2008,43,0,7.121053,2.410526,0,1.210526,1.210526,6.042105,9.552632,1.210526,1.210526,1.210526,0
Kenya,8,05-22-2008,26,0,4.7,1,0,0,4.8,3.6,2.2,1.1,0,0,1.1
Kenya,9,06-05-2008,36,0,7.5,2.5,0,3.535714,6.071429,7.321429,2.5,1.25,0,1.25,3.785714
Kenya,10,06-19-2008,27,0,2.5,0,1.5,3,3.5,8,6.5,0,0,0,3
Kenya,11,07-03-2008,52,0,10.08182,2.136364,0,3.406061,2.136364,7.945455,5.542424,3.409091,0,1.136364,1.133333
Kenya,12,07-17-2008,24,0,1.25,0,0,1.25,3,4.25,3,2.5,0,2.5,1.25
Kenya,13,07-31-2008,33,0,5.380952,1,0,1,1,11.90476,4.214286,1.166667,0,1.071429,2.238095
Kenya,14,08-14-2008,27,0,10.7619,3.52381,0,0,5.714286,3.333333,2,1.857143,0,1.857143,0
Kenya,15,08-28-2008,41,0,4.888889,0,0,0,1.222222,8.47619,0,11.53175,1.833333,2.97619,1.833333
Kenya,16,09-11-2008,33,0,8.333333,0,0,1.888889,0,5.111111,0,3.222222,0,1.142857,0
Kenya,17,09-25-2008,32,0,6.4,2.8,0,7.8,0,9.7,2.5,7.5,1.4,0,3.9
Kenya,18,10-09-2008,32,0,2.809524,1,0,0,1.666667,9.47619,1.666667,1.142857,0,0,1
Kenya,19,10-23-2008,36,0,3.444444,6.333333,0,1.166667,0,5.166667,0,4.611111,0,0,0
Kenya,20,11-06-2008,37,0,4.646465,1.545455,0,2.745455,1.545455,7.40202,0,7.737374,0,0,1.545455
Kenya,21,11-20-2008,34,0,4.6,1.8,0,1.8,3.6,12,0,9.2,0,0,1
Kenya,22,12-04-2008,28,0,0,1,0,1.571429,4.904762,3.142857,5.904762,6.380952,0,0,0
Kenya,23,12-18-2008,25,0,0,0,0,0,2.333333,10.54167,4.5,6.458333,0,0,1.375
Kenya,24,01-01-2009,23,0,0,1.666667,0,0,1.857143,4.964286,0,9.095238,1.25,3.107143,1.857143
Kenya,25,01-15-2009,28,0,8.2,0,0,1.3,4.9,2.6,0,9,0,2.3,1.3
Kenya,26,01-29-2009,31,0,6.907051,1.153846,0,3.487179,8.044872,1.125,0,9.086538,0,0,2.25
Kenya,27,02-12-2009,34,0,5.083333,2,0,4.666667,6.5,7.083333,1.416667,7.5,0,0,1.416667
Kenya,28,02-26-2009,33,0,5.738095,5.904762,0,9.666667,4.452381,1.666667,0,5.952381,1.666667,0,1.5
Kenya,29,03-12-2009,26,0,1.4,4.4,0,5.975,1.375,4.15,4.15,1.375,0,1.4,0
Kenya,30,03-26-2009,32,0,3.422222,5.783333,0,2.4,2.5,2.45,5.961111,6.011111,0,0,0
Kenya,31,04-09-2009,28,0,5,0,0,2,2.428571,2,4,1,0,0,0
Kenya,32,04-23-2009,28,0,1,0,0,1,3.555556,1.777778,1.777778,0,0,0,0
Kenya,33,05-07-2009,31,0,2.5,2.5,0,3.5,4.5,1.5,4,2.5,3,0,0
Kenya,34,05-21-2009,37,0,5,2.5,0,9,6,1.5,1.5,1,2.5,0,0
Kenya,35,06-04-2009,37,0,2.525,2.525,0,6.725,4.2,4.2,2.525,0,0,0,2.8
Kenya,36,06-18-2009,30,0,0,3.166667,0,4.833333,4.833333,3.166667,8.666667,0,0,0,0
Kenya,37,07-02-2009,30,0,1.875,3.208333,0,2.666667,0,5.25,9.083333,3.208333,2.666667,0,0
Kenya,38,07-16-2009,21,0,0,1.166667,0,1.166667,2.333333,2,2,2.333333,2,0,0
Kenya,39,07-30-2009,18,0,3.142857,0,0,1.571429,1.571429,2,1.5,6.214286,1.571429,0,4.714286
Kenya,40,08-13-2009,22,0,0,0,0,0,0,1.2,5.311111,5.555556,0,0,2.7
Kenya,41,08-27-2009,25,0,0,1,0,1.142857,0,1.142857,2.285714,11.11429,0,2.8,0
Kenya,42,09-10-2009,23,0,2.7,0,0,3,2.5,1.5,3,7.2,0,0,0
Kenya,43,09-24-2009,19,0,0,0,0,0,1.166667,5,5.666667,3.833333,0,1.166667,1.5
Kenya,44,10-08-2009,17,0,1,2.5,0,1,0,3,1,2,1,0,2
Kenya,45,10-22-2009,24,0,0,0,3.805556,1.555556,1.555556,0,6.916667,1.555556,1.25,0,0
Kenya,46,11-05-2009,19,0,3.2,0,1,0,4.2,1.2,0,4,1.2,0,0
Kenya,47,11-19-2009,24,0,1.166667,1.166667,0,1.5,1.142857,3.833333,2.666667,3.833333,0,0,0
Kenya,48,12-03-2009,17,0,2.5,0,0,1.25,1.1,1.1,4.55,1.1,0,0,0
Kenya,49,12-17-2009,14,0,1.5,1,1.5,0,2,2.5,3,1,0,0,0
Kenya,50,12-31-2009,16,0,3,0,0,0,0,5.5,1,1,1,0,1
Kenya,51,01-14-2010,38,0,10.47727,1.428571,0,5.607143,2.920455,7.376623,6.181818,1.428571,0,2.974026,7.556818
Kenya,52,01-28-2010,36,0,7.533333,3.766667,0,7.233333,1.1,3.533333,2.2,0,0,1.1,5.2
Kenya,53,02-11-2010,33,0,7.911111,4.011111,1.111111,4.511111,0,3.422222,4.011111,2.811111,1.7,0,1.7
Kenya,54,02-25-2010,24,0,4.681818,0,0,2.5,1.090909,2.181818,3.272727,7.013636,2.181818,0,0
Kenya,55,03-11-2010,8,0,0,1.333333,0,0,0,1.333333,1.333333,1.333333,0,0,0
Kenya,56,03-25-2010,11,0,0,0,0,0,0,2,0,2,2,0,0
Kenya,57,04-08-2010,21,0,3.6,4.6,0,2.5,1,4.7,2.5,4.7,0,0,1
Kenya,58,04-22-2010,18,0,3.2,0,0,2.6,1,1.6,5.2,3.2,0,3.2,0
Kenya,59,05-06-2010,24,0,3.507937,6.111111,0,3.507937,1.285714,2.396825,1.111111,1.285714,1.111111,0,0
Kenya,60,05-20-2010,17,0,4.25,2,0,0,1,1,3.25,2,0,0,0
Kenya,61,06-03-2010,10,0,5,1,0,3,1,0,0,1,2,1,0
Kenya,62,06-17-2010,7,0,2,0,0,0,1,2,1,2,0,0,0
Kenya,63,07-01-2010,13,0,2,2.666667,0,0,0,1.333333,0,4.333333,1,0,0
Kenya,64,07-15-2010,8,0,1,1,0,0,1,0,1,1,1,0,0
Kenya,65,07-29-2010,15,0,4.333333,0,0,0,0,3.666667,0,5,3.333333,3,1.666667
Kenya,66,08-12-2010,25,0,5.781818,2.181818,0,1.181818,0,2.181818,0,8.927273,0,1.6,3.963636
Kenya,67,08-26-2010,18,0,4.25,0,0,0,0,3,1.5,7.25,0,0,1.25
Kenya,68,09-09-2010,19,0,4,2,0,0,0,3.333333,2,2,0,0,1.333333
Kenya,69,09-23-2010,11,0,4.5,1.5,0,1.5,0,1.5,0,1.5,0,0,0
Kenya,70,10-07-2010,17,0,3.666667,0,0,0,0,1.222222,3.694444,1.222222,0,1.222222,0
Kenya,71,10-21-2010,16,0,0,1,0,0,3.333333,1,1,4,0,0,0
Kenya,72,11-04-2010,15,0,2,1,0,3.2,1.6,1.6,1.6,0,0,1.6,0
Kenya,73,11-18-2010,19,0,2.666667,1.666667,0,2,4.166667,2,5,1,0,2.5,0
Kenya,74,12-02-2010,10,0,2,1,0,0,0,1.333333,2,0,0,0,1.333333
Kenya,75,12-16-2010,13,0,1.333333,0,0,1.333333,0,4.333333,0,8.333333,0,0,0
Kenya,76,12-30-2010,21,0,3.111111,1,0,2.555556,4.666667,2.555556,4.666667,6.666667,0,1,1.555556
Kenya,77,01-13-2011,21,0,3.222222,0,0,1,1.222222,4.666667,3.222222,4,2.222222,2.444444,1.222222
Kenya,78,01-27-2011,8,0,1.2,0,0,1.2,0,1.2,1.2,4.4,0,1.2,0
India,0,12-01-2007,30,1.363636,3.5,1.333333,4.833333,0,2.69697,1.363636,0,15.71212,0,3.5,0
India,1,12-15-2007,37,0,0,3.771429,0,1.2,4.321429,4.15,1.75,20.25,0,0,0
India,2,12-29-2007,24,0,1,3.181818,0,0,2.363636,3.363636,3,16.27273,1.181818,0,1.181818
India,3,01-12-2008,31,0,2.871429,4.6,0,0,1.4,5.014286,2.471429,17.44286,0,0,1.071429
India,4,01-26-2008,25,0,1.181818,1.2,0,0,1.2,3.545455,1.181818,10.32727,3.181818,0,2.363636
India,5,02-09-2008,23,0,1.090909,0,2,1.090909,0,7.272727,2,13.63636,0,1,2
India,6,02-23-2008,18,0,1.5,0,0,0,1.125,0,3,8.625,0,0,0
India,7,03-08-2008,13,0,0,1.333333,0,1,0,2.2,0,4.733333,3.4,0,1
India,8,03-22-2008,13,0,1.25,5.333333,0,2.583333,1.25,1.25,4,0,0,0,1.25
India,9,04-05-2008,21,0,1.2,2.45,0,1.25,0,2.45,2.4,2.4,0,0,0
India,10,04-19-2008,14,1.5,0,2.25,1,2.5,0,3,0,2.5,0,0,0
India,11,05-03-2008,16,0,0,5.333333,0,0,2,2.333333,3.666667,3.5,0,2.833333,2
India,12,05-17-2008,23,0,2.642857,5.642857,0,3,1.142857,0,0,3.785714,0,0,4.142857
India,13,05-31-2008,13,0,4.285714,0,0,0,0,4.857143,2.285714,3,0,0,2.571429
India,14,06-14-2008,22,0,0,1.666667,0,3.904762,0,2.571429,0,3.857143,3,1.333333,0
India,15,06-28-2008,20,1.222222,1.222222,2.444444,0,2.666667,0,3.666667,0,6.333333,2.444444,0,2.666667
India,16,07-12-2008,28,0,7.416667,2.333333,3.666667,4.333333,0,5.416667,0,6.166667,1.25,0,1.833333
India,17,07-26-2008,32,0,3.725,1.3,0,5.758333,0,8.183333,7.45,4.5,0,1.3,3.55
India,18,08-09-2008,27,0,2.444444,1,1.285714,3.857143,0,4.857143,2.730159,6.746032,1.285714,0,1.444444
India,19,08-23-2008,34,0,4.780952,1.4,0,1.666667,5.095238,13.20952,5.047619,13.52381,0,0,1.666667
India,20,09-06-2008,19,0,5.019048,2.619048,1.285714,1.285714,0,7.504762,2.4,7.371429,1.285714,0,2.485714
India,21,09-20-2008,32,0,6.666667,1.5,1.5,3,2.722222,2.722222,1.222222,9.111111,0,0,2.444444
India,22,10-04-2008,31,0,5,0,2.5,2.857143,0,9.178571,5.660714,11.21429,1.375,0,6.928571
India,23,10-18-2008,30,0,2.55,0,6.5,4.3,0,5.65,2.6,6.35,0,0,2.55
India,24,11-01-2008,38,0,7.666667,1.555556,3.5,0,1.5,8.555556,1.5,11.05556,2,0,3.055556
India,25,11-15-2008,60,0,7.733333,5.4,0,2.4,0,10.13333,5.4,13.4,4.8,0,10.13333
India,26,11-29-2008,42,0,5.666667,9.111111,0,1.777778,0,3.888889,2.111111,15.88889,1.777778,0,7.777778
India,27,12-13-2008,48,0,4.857143,2.714286,0,5.428571,2.142857,4.942857,8.228571,18.68571,4.285714,0,4.857143
India,28,12-27-2008,50,0,3,0,0,0,0,14.8,3,24.2,0,0,6.7
India,29,01-10-2009,45,0,1.333333,1.875,1.333333,1.875,0,8.958333,0,18.29167,0,2,1.333333
India,30,01-24-2009,35,0,7,0,0,1.666667,1.5,8,0,15.33333,0,0,0
India,31,02-07-2009,43,1.555556,4.444444,1.333333,0,0,0,14,6,14.77778,0,0,0
India,32,02-21-2009,39,0,3.486111,1.8,1.375,1.375,1.8,5.597222,7.397222,11.19444,2.111111,0,2.111111
India,33,03-07-2009,31,1.444444,5.777778,0,0,2.694444,1.444444,2.694444,2.888889,5.777778,3.944444,0,1.444444
India,34,03-21-2009,34,1.2,5.206349,1.714286,3.492063,1.714286,1.714286,7.733333,7.733333,4.628571,5.206349,1.777778,0
India,35,04-04-2009,30,1.4,6.4,0,4.542857,1.4,0,6.857143,0,1.571429,4.542857,0,5.142857
India,36,04-18-2009,29,0,1.142857,0,5.202381,3.452381,0,4.642857,1.142857,1.75,0,0,1.75
India,37,05-02-2009,34,0,5.484848,0,4.212121,1.272727,1.666667,2.545455,4.606061,0,0,0,1.272727
India,38,05-16-2009,26,0,4.571429,4.714286,6.142857,3.821429,0,3.142857,2.25,3.75,0,2.25,2.25
India,39,05-30-2009,38,0,10.44545,3.545455,5.090909,8.936364,0,10.83636,3.090909,6.445455,3.090909,1.3,1
India,40,06-13-2009,22,1.285714,7.404762,1.5,4.619048,1.666667,1.666667,2.571429,0,2.571429,2.952381,0,0
India,41,06-27-2009,23,1,6.333333,3.166667,6.833333,1,0,3.166667,1,0,1,0,1
India,42,07-11-2009,21,0,8,0,1.2,2.2,0,2.4,0,0,1.2,0,3.4
India,43,07-25-2009,35,0,8.235714,1.6,2.517857,1.6,0,8.692857,5.942857,4.575,1.142857,0,1.375
India,44,08-08-2009,29,0,9.042857,1.4,1.714286,0,1.714286,4.828571,15.43571,2.964286,0,0,1.714286
India,45,08-22-2009,34,0,5.888889,2.888889,3,4.444444,1.444444,3,14.83333,1.5,0,0,1.444444
India,46,09-05-2009,31,0,7.666667,2.333333,2.333333,2.333333,0,13.33333,8.666667,11.33333,0,0,0
India,47,09-19-2009,18,0,5,0,0,3,1,3,4,3,1,0,1
India,48,10-03-2009,29,0,2.291667,2.291667,0,3.458333,0,3.545455,10.40909,8.128788,1.181818,0,1.181818
India,49,10-17-2009,20,0,7.142857,1.142857,0,0,4.142857,3.142857,12.42857,3.285714,2.142857,0,1.142857
India,50,10-31-2009,27,0,0,0,0,1.333333,0,5.333333,5.333333,12,0,0,6.666667
India,51,11-14-2009,37,0,0,1.888889,0,0,1.888889,7.333333,2,12.66667,0,0,0
India,52,11-28-2009,27,0,1.444444,1.25,0,3.25,0,0,10.97222,11.83333,2.888889,0,2.5
India,53,12-12-2009,34,0,3.222222,4.111111,0,0,0,3.777778,4.777778,9.888889,0,0,1.444444
India,54,12-26-2009,24,0,8.888889,0,1.222222,0,0,5,17.77778,11.55556,1.333333,0,3.888889
India,55,01-09-2010,29,0,5.138889,2.472222,0,0,0,6.583333,8,13.61111,1.222222,0,6.333333
India,56,01-23-2010,26,1.555556,2,1,0,0,0,4.111111,8.222222,7.111111,0,1.555556,0
India,57,02-06-2010,26,0,5.05,0,0,1.5,0,5.05,7.3,14.125,0,0,0
India,58,02-20-2010,27,0,5.206349,0,0,2.285714,0,1.777778,13.46032,3.428571,0,1.142857,3.555556
India,59,03-06-2010,25,0,4,0,1,2,3.222222,0,5.611111,3.333333,0,0,3
India,60,03-20-2010,27,0,1.111111,2.222222,2.111111,3.111111,1.444444,5.888889,7.555556,1.444444,1,0,0
India,61,04-03-2010,28,0,2,2.4,2,3,1.2,2.2,4.4,1,2,1,2.2
India,62,04-17-2010,29,0,3.444444,2.444444,3.444444,2.222222,0,4.111111,4.111111,2.666667,2.444444,0,4.333333
India,63,05-01-2010,25,0,2.325,4.725,0,0,0,1.111111,6.708333,1.111111,1.111111,0,1.125
India,64,05-15-2010,26,0,1,0,1,3.444444,0,0,3,0,1.444444,1,3.444444
India,65,05-29-2010,26,0,8.5,0,3.833333,1.333333,0,3.583333,2.5,2.333333,1,0,1
India,66,06-12-2010,25,0,5.111111,0,0,0,1.333333,1.333333,1.333333,3.666667,0,0,3.777778
India,67,06-26-2010,21,0,6,3,1,0,1,2,0,0,1,1,1
India,68,07-10-2010,24,0,3.569444,1.222222,0,1.222222,0,1.125,0,1.125,0,0,0
India,69,07-24-2010,31,0,5.725,1.125,2.125,3.6,2.8,1.125,1.125,4.05,3.6,0,1
India,70,08-07-2010,36,0,7.619048,0,0,0,0,6.47619,4,12.7619,3.809524,0,1.142857
India,71,08-21-2010,36,0,3.555556,1,0,2,2.555556,6.111111,8.666667,3.555556,0,0,2.555556
India,72,09-04-2010,32,0,5.611111,1.142857,0,1.555556,0,0,12.25794,8.202381,0,0,0
India,73,09-18-2010,32,0,4,2.222222,0,1.222222,1.222222,6.444444,13.66667,13.88889,0,0,1
India,74,10-02-2010,35,0,1.888889,0,2.888889,1,1.444444,4.888889,8.111111,2.888889,1.888889,0,1.888889
India,75,10-16-2010,42,0,4.222222,1.333333,1.777778,2.444444,0,0,10.88889,18.88889,0,0,0
India,76,10-30-2010,25,0,8.222222,0,0,0,0,1,8.666667,4.555556,4.555556,0,5
India,77,11-13-2010,36,0,0,1.666667,0,1.666667,0,1.777778,19,7.722222,7.5,0,5
India,78,11-27-2010,12,0,0,0,1.2,0,0,2.333333,1,5.066667,0,0,0
Bangladesh,0,12-02-2007,29,0,6.807692,13.42308,0,1,2.153846,5.461538,6.307692,3.461538,0,0,1.153846
Bangladesh,1,12-16-2007,15,1.166667,2.333333,3.166667,1,0,0,3.333333,0,2.333333,1,0,0
Bangladesh,2,12-30-2007,27,0,2.75,8.541667,0,0,0,5.791667,4.125,9.916667,0,0,0
Bangladesh,3,01-13-2008,29,5.172222,4.622222,8.3,0,0,1.2,1.2,0,9.244444,0,0,0
Bangladesh,4,01-27-2008,22,2.933333,9.133333,4.333333,0,0,0,10.46667,0,9.866667,0,0,0
Bangladesh,5,02-10-2008,19,4.2,3,2.2,0,0,4.4,2.2,0,7.6,0,0,0
Bangladesh,6,02-24-2008,20,1.181818,3.863636,6.909091,0,0,0,8.727273,0,10.40909,0,0,2.363636
Bangladesh,7,03-09-2008,34,9.125,5.636364,13.65909,1.090909,0,4.579545,8.034091,0,2.363636,1.090909,3.340909,1.181818
Bangladesh,8,03-23-2008,51,11.70445,7.315789,27.1751,0,1.25,4.815789,15.00506,1.157895,2.315789,0,1.076923,2.234818
Bangladesh,9,04-06-2008,48,2.285714,5.807692,29.46154,0,0,3.5,19.87363,0,0,3.510989,6.950549,3.642857
Bangladesh,10,04-20-2008,27,5,5.5,12.75,0,5.875,3.75,6.5,0,2.75,1.375,0,3
Bangladesh,11,05-04-2008,26,4.142857,1,19.42857,0,1,0,5.714286,2.571429,0,0,0,0
Bangladesh,12,05-18-2008,39,8.424603,4.174603,21.41667,1.444444,3.1875,3.792659,6.904762,1.0625,2.506944,2.730159,5.619048,1.0625
Bangladesh,13,06-01-2008,35,5.442857,8.1,17.41429,0,0,6.628571,12.54286,1,0,0,2,0
Bangladesh,14,06-15-2008,39,9.118182,3.645455,24.85455,2.672727,0,2.372727,3.645455,1.272727,1.4,0,12.11818,2.372727
Bangladesh,15,06-29-2008,29,5.553571,5.321429,14.92857,2.75,0,6.517857,9.892857,1.142857,2.571429,1.428571,8.357143,4.571429
Bangladesh,16,07-13-2008,19,1.166667,2.541667,6.25,0,0,1.375,4.125,0,1.375,0,10.375,2.541667
Bangladesh,17,07-27-2008,13,1,2,3,1,0,0,7,0,1,3,7,0
Bangladesh,18,08-10-2008,16,5.333333,2.222222,8.222222,1.111111,1.5,1.111111,4.333333,4.444444,0,0,3.333333,0
Bangladesh,19,08-24-2008,16,1,3.375,5,0,1.333333,1,2.25,1.125,1,1.125,3.25,0
Bangladesh,20,09-07-2008,20,5.307692,5.384615,4.820513,0,0,0,7.051282,1.666667,1.666667,2.153846,2.153846,0
Bangladesh,21,09-21-2008,15,5.2,3.2,5,1,0,2,4.4,0,2.2,0,1,0
Bangladesh,22,10-05-2008,19,8,6,3,1,0,0,7,4,7,0,1,0
Bangladesh,23,10-19-2008,19,4.555556,4.666667,6.333333,0,0,2.444444,3.333333,7.555556,2.222222,0,0,2.333333
Bangladesh,24,11-02-2008,26,6.605769,10.83654,9.605769,0,0,3.278846,6.509615,3.153846,5.432692,0,0,0
Bangladesh,25,11-16-2008,15,1,0,3,5.2,0,1.2,7.4,1,4.6,0,3,0
Bangladesh,26,11-30-2008,21,8.5,3.25,7,1.25,0,1.25,2.25,2.25,7,0,0,0
Bangladesh,27,12-14-2008,17,2,2,7,0,0,2,7,2,5,0,0,0
Bangladesh,28,12-28-2008,14,1,2,3.333333,2.166667,0,0,3.333333,1.166667,3.5,0,0,0
Bangladesh,29,01-11-2009,18,4.45,3.325,5.525,0,0,0,3.325,2.325,6.9,0,0,0
Bangladesh,30,01-25-2009,15,2,3,6,0,0,0,5,1,4,0,0,0
Bangladesh,31,02-08-2009,30,0,7.171717,10.09091,0,0,0,6.848485,6.030303,11.79798,0,0,1.222222
Bangladesh,32,02-22-2009,23,0,1.333333,5.833333,0,1.166667,1.333333,7.666667,2.666667,6.666667,0,0,0
Bangladesh,33,03-08-2009,27,3.45,1.2,9.983333,0,0,2.458333,4.916667,3.866667,7.316667,1.125,0,0
Bangladesh,34,03-22-2009,32,8.611111,4.444444,15,0,0,1.5,7.611111,5.222222,6.333333,0,0,0
Bangladesh,35,04-05-2009,34,6,2.333333,20.33333,1.111111,1.444444,1.222222,6.777778,1.111111,3.888889,1.444444,0,0
Bangladesh,36,04-19-2009,40,14.5,6,21.55556,2.666667,3.611111,0,14.11111,0,2.111111,1.5,2.111111,0
Bangladesh,37,05-03-2009,24,9.857143,2.285714,12,1,1,3.571429,7.857143,0,0,1.285714,0,0
Bangladesh,38,05-17-2009,21,6.125,3.125,10.375,0,4.75,2,2.125,5.125,0,1,0,0
Bangladesh,39,05-31-2009,24,7.944444,3.222222,11.61111,1.5,0,3.444444,5.666667,2,1,0,0,1.222222
Bangladesh,40,06-14-2009,15,3.5,3,7.5,1,1.5,0,1,2,0,0,0,0
Bangladesh,41,06-28-2009,17,12.33333,6.138889,3.5,2.444444,1.222222,0,3.694444,1.222222,0,2.222222,0,0
Bangladesh,42,07-12-2009,19,6.5,5.2,6.266667,0,0,1.3,2.3,1.3,0,1.3,0,1.3
Bangladesh,43,07-26-2009,13,3,3,6.5,1,0,1,3,2,0,0,0,0
Bangladesh,44,08-09-2009,11,7,2,6,2,0,0,2,0,0,0,0,0
Bangladesh,45,08-23-2009,23,7.333333,6.333333,10,1.333333,0,2.666667,3.333333,0,1.333333,0,0,0
Bangladesh,46,09-06-2009,14,5.2,3.4,8.4,2.4,0,1.2,2.4,1,0,0,0,0
Bangladesh,47,09-20-2009,12,6.666667,4,5.666667,1.333333,0,1,2,1,0,0,0,0
Bangladesh,48,10-04-2009,21,8,4,14,1,0,0,3,0,1,0,1,0
Bangladesh,49,10-18-2009,20,5,11,5,3,0,1,2,1,4,0,0,0
Bangladesh,50,11-01-2009,9,1,1,3,0,0,1,3,2,5,0,0,0
Bangladesh,51,11-15-2009,15,6,3.166667,7.666667,1.166667,0,3.333333,4,0,1.166667,0,0,0
Bangladesh,52,11-29-2009,10,2.25,0,3,0,0,0,1.25,0,3.25,0,0,0
Bangladesh,53,12-13-2009,13,4.25,1,6.75,0,0,3.25,4.25,0,4.25,0,0,0
Bangladesh,54,12-27-2009,26,11,8.375,6,0,0,1,3,2.125,16.125,0,0,0
Bangladesh,55,01-10-2010,14,0,0,5,0,0,2,2,0,8,0,0,0
Bangladesh,56,01-24-2010,6,3,0,3,0,0,0,3,0,3,0,0,0
Bangladesh,57,02-07-2010,11,0,2,1,0,0,2,2.25,0,6.75,0,0,0
Bangladesh,58,02-21-2010,14,3,3,1.25,0,0,0,1.5,0,7.25,1.5,0,0
Bangladesh,59,03-07-2010,13,4,3,5,0,0,0,5,1,1,0,0,1
Bangladesh,60,03-21-2010,15,8,2,2,0,1,5,4,0,2,1,0,0
Bangladesh,61,04-04-2010,28,11.00595,1.166667,12.58929,1.428571,1.428571,2.541667,6.357143,6.303571,3.970238,0,0,0
Bangladesh,62,04-18-2010,41,18.26389,0,26.28056,1.2,2.325,3.525,14.91667,1.2,1.125,0,0,2.25
Bangladesh,63,05-02-2010,28,3.785714,2.84127,18.87302,1.285714,1.555556,0,10.68254,3.111111,3.785714,0,0,0
Bangladesh,64,05-16-2010,35,14.93056,6.666667,16.08333,3.111111,0,3.583333,5.347222,1.555556,1.333333,4,0,0
Bangladesh,65,05-30-2010,20,5.422222,5.444444,9.022222,2.111111,1.2,1.111111,3.333333,0,2.111111,0,0,0
Bangladesh,66,06-13-2010,24,11.25,2.5,13.5,0,0,3.25,2.25,1,1,0,0,2.25
Bangladesh,67,06-27-2010,26,12.40476,7.452381,10.80952,1.571429,0,4.285714,13.21429,0,0,1.571429,0,1.142857
Bangladesh,68,07-11-2010,27,10.22222,7.777778,12.66667,0,0,3.888889,2.444444,8,1.333333,2.444444,0,1.333333
Bangladesh,69,07-25-2010,18,7.166667,0,6.166667,0,0,1.166667,8.333333,1.166667,4.666667,0,0,1.166667
Bangladesh,70,08-08-2010,13,2.583333,3.916667,4,2.666667,1.25,0,2.583333,0,0,0,0,0
Bangladesh,71,08-22-2010,17,5.5,4.5,6.875,1.25,1.125,1.25,2.25,0,0,0,1,1.125
Bangladesh,72,09-05-2010,10,3.8,0,3.4,0,0,0,2.8,0,8,2.4,0,1
Bangladesh,73,09-19-2010,17,6.933333,0,7.533333,0,0,1.6,2.6,0,4.533333,0,0,2.333333
Bangladesh,74,10-03-2010,16,4.666667,1.166667,8,0,0,3.666667,1.166667,2.333333,1.166667,0,0,0
Bangladesh,75,10-17-2010,15,2.333333,0,3.333333,2.333333,0,1,4.266667,0,5.533333,1.6,0,0
Bangladesh,76,10-31-2010,16,8.190476,3.952381,5.142857,0,1.285714,1,2.952381,1.285714,4.238095,0,0,0
Bangladesh,77,11-14-2010,12,4.666667,4.333333,2.333333,1,0,2,1,0,3.333333,1,0,1
Bangladesh,78,11-28-2010,3,0,0,3,0,0,0,0,0,0,0,1,1
Pakistan,0,03-03-2008,41,9.516667,6.808333,14.84167,2.6,2.791667,6.808333,13.65833,0,11.29167,1.416667,0,0
Pakistan,1,03-17-2008,33,14.3,11.1,5.5,0,2,3.8,4.8,1.5,8.1,1.8,0,0
Pakistan,2,03-31-2008,42,21.16667,11.03571,4.25,0,6.904762,9.678571,15.28571,2.77381,1.357143,1.416667,1.357143,1.416667
Pakistan,3,04-14-2008,49,9.047619,6.31746,6.428571,1.714286,3.15873,6.587302,4.873016,9.047619,12.5873,0,4.444444,8.301587
Pakistan,4,04-28-2008,37,2.727273,9.709957,0,4.816017,4.012987,10.43506,2.649351,8.829004,4.893939,1.363636,4.893939,5.376623
Pakistan,5,05-12-2008,42,5.888889,9.102564,7.982906,3.444444,3.769231,1.769231,11.41026,2.769231,8.521368,0,3.213675,6.42735
Pakistan,6,05-26-2008,39,9.867521,7.754274,2.888889,7.891026,2.752137,2.615385,8.925214,6.446581,2.615385,1.307692,3.557692,1.307692
Pakistan,7,06-09-2008,24,4.566667,5.333333,1.066667,5.566667,1.066667,1.5,5.766667,5.333333,2.133333,0,2.133333,0
Pakistan,8,06-23-2008,28,7.857143,6.857143,2.285714,4.428571,4.428571,3.428571,4.571429,4.571429,5.571429,1.142857,3.428571,0
Pakistan,9,07-07-2008,29,10.42857,10.21429,2.214286,7.142857,4,0,6.071429,1.214286,3.642857,0,2.214286,0
Pakistan,10,07-21-2008,23,3,6,2,2,2,1,5,1,9,0,2,2
Pakistan,11,08-04-2008,25,5.5,7,1,3.5,1,2.5,6,4,7,1,2,0
Pakistan,12,08-18-2008,33,5.496703,4.373626,0,11.05934,1.076923,2.153846,3.296703,5.430769,3.296703,0,0,2.153846
Pakistan,13,09-01-2008,27,6.190476,6.02381,3.357143,3.190476,0,5.047619,9.214286,7.714286,3.190476,1.333333,3.357143,0
Pakistan,14,09-15-2008,19,2.2,6.771429,2.342857,4,0,4.485714,4.342857,1.2,2.4,1.2,1,2.2
Pakistan,15,09-29-2008,9,0,1.4,0,2.4,1.4,0,1.4,1.4,0,0,1.4,2.4
Pakistan,16,10-13-2008,18,0,2.833333,0,4,6.166667,0,5.666667,0,4,0,2.833333,0
Pakistan,17,10-27-2008,20,2.666667,0,1.333333,2,0,2.666667,2.333333,0,5.666667,0,2.666667,5
Pakistan,18,11-10-2008,20,3.85,1.25,1.3,0,1.3,1.25,6.5,1.3,7.7,0,1.3,1.3
Pakistan,19,11-24-2008,14,1.571429,0,0,3.071429,0,0,1.571429,0,9.357143,0,1.571429,3.142857
Pakistan,20,12-08-2008,7,1,2,0,0,0,0,3,0,6,0,0,0
Pakistan,21,12-22-2008,9,1,1,0,0,0,0,0,0,1.333333,0,0,1.333333
Pakistan,22,01-05-2009,19,4.666667,3.375,4.583333,0,2.125,0,3.125,0,1.125,0,0,0
Pakistan,23,01-19-2009,18,6.125,5.75,2,0,1.375,2.375,1.375,2.75,1,0,1.375,1
Pakistan,24,02-02-2009,15,5,4,2,0,3,1,3,3,1,0,0,0
Pakistan,25,02-16-2009,22,3.2,6.4,1.1,6.2,1.1,1,4.2,2,6.3,1.1,0,0
Pakistan,26,03-02-2009,14,3.366667,3.366667,1.2,1.2,1.2,1.2,3.5,1.2,2.366667,0,0,0
Pakistan,27,03-16-2009,14,3.2,0,1,0,2.2,0,1.1,1.1,0,1,1,1
Pakistan,28,03-30-2009,15,3.2,2.2,0,5.2,2.4,1,4.4,1.2,2,0,1,0
Pakistan,29,04-13-2009,21,7.063636,2.590909,2.290909,3.681818,3.272727,0,4.772727,1.090909,2.181818,1.090909,2.290909,0
Pakistan,30,04-27-2009,14,4.428571,7.178571,0,3.392857,2.285714,2.285714,2.392857,2.285714,1.142857,0,1.142857,0
Pakistan,31,05-11-2009,27,4.685714,7.028571,0,3.542857,3.535714,2.285714,6.964286,3.485714,8.107143,2.5,1.142857,1.25
Pakistan,32,05-25-2009,21,1.2,6.233333,0,0,0,2.666667,10.03333,6.166667,1.166667,0,1.166667,0
Pakistan,33,06-08-2009,12,6.833333,2.666667,0,1.5,1.166667,0,1.166667,1,1.166667,0,0,1.166667
Pakistan,34,06-22-2009,14,5.583333,1.333333,0,1.25,0,1.333333,0,2.333333,2.333333,0,0,0
Pakistan,35,07-06-2009,13,1,3.166667,0,0,1.166667,0,1.166667,1,0,1,1,3.333333
Pakistan,36,07-20-2009,18,1.2,6.133333,1.333333,2.666667,2.533333,0,1.2,1.2,6,0,0,1.2
Pakistan,37,08-03-2009,27,8.571429,8.142857,2.642857,1.25,4.928571,0,2.285714,2.285714,4.571429,2.285714,1.142857,7.785714
Pakistan,38,08-17-2009,21,5,2,0,0,1,3,0,4,3,0,2,2
Pakistan,39,08-31-2009,5,1,0,0,0,0,0,0,0,0,0,0,0
Pakistan,40,09-14-2009,6,1.5,1.5,0,0,0,0,0,0,0,0,0,0
Pakistan,41,09-28-2009,7,4,1,1,2,1,0,3,2,1,0,0,1
Pakistan,42,10-12-2009,16,3.25,1.125,4,0,0,0,5.5,4.375,1.125,1.125,0,0
Pakistan,43,10-26-2009,12,1,2.285714,1.285714,0,2.285714,0,3.571429,1.285714,7.428571,0,0,0
Pakistan,44,11-09-2009,16,2,2.5,1.5,0,0,1,1,0,8,0,2,2.5
Pakistan,45,11-23-2009,9,1,3,4,0,0,0,0,0,3,0,3,1
Pakistan,46,12-07-2009,9,4,2,2,0,0,1,3,0,3,0,0,1
Pakistan,47,12-21-2009,15,4,0,1,1,1,0,2,0,4,0,1,1
Pakistan,48,01-04-2010,20,1.083333,10.66667,0,0,2.166667,2.166667,2.083333,1,4.25,1.083333,1.083333,3.166667
Pakistan,49,01-18-2010,20,4.4,7.4,2,0,2,1,4,1,2,1,1.2,2.2
Pakistan,50,02-01-2010,21,2,4,0,0,2,2,4,1,3,0,2,2
Pakistan,51,02-15-2010,29,6.875,7.625,1.375,0,1.375,1.375,5.875,2.75,6.875,0,0,1.75
Pakistan,52,03-01-2010,27,5.833333,5.5,5.833333,0,1.333333,3.833333,8.916667,2.25,4.583333,0,2.333333,0
Pakistan,53,03-15-2010,20,4.452381,2.452381,2.571429,0,3.619048,1.285714,4.571429,0,0,1.166667,2.452381,3.285714
Pakistan,54,03-29-2010,20,4.25,2.25,5.75,0,4.25,2.125,1,1.5,2.5,0,0,0
Pakistan,55,04-12-2010,20,5.571429,6.285714,3,4,3.285714,0,1.285714,1.285714,0,0,1,5
Pakistan,56,04-26-2010,12,2,1.25,0,0,0,0,2,0,0,0,3.25,2
Pakistan,57,05-10-2010,28,6.090909,4.626263,0,0,2.444444,0,2.888889,2.313131,1.090909,1.222222,0,3.979798
Pakistan,58,05-24-2010,19,4,5.8,4,0,2.4,2,3.4,1,1.4,0,1,2
Pakistan,59,06-07-2010,23,3,8,1,2,4,2,0,2,5,1,4,2
Pakistan,60,06-21-2010,26,8.542857,6.342857,6.442857,4.571429,4.771429,0,0,1.1,5.342857,0,1.1,2.671429
Pakistan,61,07-05-2010,20,0,6.2,0,1.2,2.2,1,4,1.2,2,0,1,1
Pakistan,62,07-19-2010,13,3,3.5,0,1,4,2,2,0,2,0,1.5,1
Pakistan,63,08-02-2010,13,1.285714,4.571429,1.285714,0,1.285714,1.285714,2.571429,0,5.142857,0,0,0
Pakistan,64,08-16-2010,16,5.316667,4.066667,5.416667,2.45,0,0,6.2,1.2,1.25,0,0,1.666667
Pakistan,65,08-30-2010,9,0,0,0,2.333333,0,0,0,3.333333,4.666667,0,2.333333,0
Pakistan,66,09-13-2010,34,6.955711,11.65268,3.545455,2.363636,2.333333,3.335664,4.307692,9.902098,3.335664,1.076923,0,3.335664
Pakistan,67,09-27-2010,16,1,6,2,1,2,1,1,4,2,0,0,1
Pakistan,68,10-11-2010,15,5.75,8.666667,1.333333,3.916667,1,2.583333,1,2.333333,2,0,2.333333,3.666667
Pakistan,69,10-25-2010,13,1,5.6,2.8,1,1.8,1.8,0,1,5.6,0,1,2.8
Pakistan,70,11-08-2010,6,2,1,0,0,0,0,2,2,3,0,1,0
Pakistan,71,11-22-2010,22,5.2,4.1,1,0,2.2,1.1,6.2,0,7.4,0,1.1,1
Pakistan,72,12-06-2010,12,4,1,3,0,2,0,6,2,3,2,1,0
Pakistan,73,12-20-2010,23,7.75,10.75,2.5,0,2,1.25,2,3.25,5.75,1.25,0,7.75
Pakistan,74,01-03-2011,30,10.00952,11.41905,0,2.142857,1.6,3.742857,4.285714,6.428571,3.742857,0,0,4.285714
Pakistan,75,01-17-2011,47,11.71111,9.155556,3.6,0,0,0,9.155556,15.33333,2.555556,0,0,0
Pakistan,76,01-31-2011,36,9.466667,12.48889,7.866667,0,1.555556,0,9.377778,6.222222,4.666667,1.555556,1.555556,4.711111
Pakistan,77,02-14-2011,29,7.838961,10.42078,2.571429,3.867532,0,2.363636,8.480519,7.298701,1.181818,0,0,1.181818
Pakistan,78,02-28-2011,3,0,1,0,0,0,0,0,2,0,0,0,0
